ap_id,project,subproject,Subp-ID,Phase,PLZ,Ort,Teilort,Straße,Hnr,Zusatz,building_category,nv status,fastlane_flag,non saleable_flag,wowi_flag,WoWi-Name,WoWi GGNV / Gestatt. WE,GNV_VORHANDEN,Gestattungs-Ausbauart,WoWi-Potential WE,AP,GE,WE,WE +50%,Faktor,aktive Auft Gesamt,Penetration % vor Churn,Penetration % aktuell,pop_name,nvt_name,num homes passed cmt,num homes connected cmt,num homes activated cmt,ont_first_up,Begehungstermin (frühester),Begehungstermin (nächster),Begehungstermin (spätester),Installationstermin (frühester),Installationstermin (nächster),Installationstermin (spätester),Bestandskunden (Kürzel),Eigentümer Name,Eigentümer Mail
1894167,Lehrte I,Lehrte 1,609.0,1.0,31275.0,Lehrte,Aligse,Burgdorfer Straße,118.0,,Zweifamilienhaus,,0.0,0.0,1.0,,,N,,,1.0,0.0,2.0,2.0,2.0,,,,P_LRTE121_B,N_LRTE121_008,2.0,0.0,0.0,,,,,,,,,,
1894168,Lehrte I,Lehrte 1,609.0,1.0,31275.0,Lehrte,Aligse,Ulmenallee,9.0,b,Zweifamilienhaus,,0.0,0.0,1.0,,,N,,,1.0,0.0,2.0,2.0,2.0,,,,P_LRTE121_B,N_LRTE121_008,2.0,0.0,0.0,,,,,,,,,,
1894169,Lehrte I,Lehrte 1,609.0,1.0,31275.0,Lehrte,Aligse,Ulmenallee,6.0,,Einfamilienhaus,,0.0,0.0,1.0,,,N,,,1.0,0.0,1.0,1.0,1.0,,,,P_LRTE121_B,N_LRTE121_008,1.0,0.0,0.0,,,,,,,,,,
1894170,Lehrte I,Lehrte 1,609.0,1.0,31275.0,Lehrte,Aligse,Ulmenallee,3.0,,Einfamilienhaus,,0.0,0.0,1.0,,,J,,,1.0,0.0,1.0,1.0,1.0,1.0,1.0,1.0,P_LRTE121_B,N_LRTE121_008,1.0,1.0,1.0,2025-03-18,,,,,,,Trint,Trint,Stephan.trint@gmail.com
1894171,Lehrte I,Lehrte 1,609.0,1.0,31275.0,Lehrte,Aligse,Ulmenallee,11.0,,Einfamilienhaus,,0.0,0.0,1.0,,,N,,,1.0,0.0,1.0,1.0,1.0,,,,P_LRTE121_B,N_LRTE121_008,1.0,0.0,0.0,,,,,,,,,,
1894172,Lehrte I,Lehrte 1,609.0,1.0,31275.0,Lehrte,Aligse,Ulmenallee,16.0,,Gewerbe,,0.0,0.0,1.0,,,N,,,1.0,1.0,0.0,0.5,0.5,,,,P_LRTE121_B,N_LRTE121_008,1.0,0.0,0.0,,,,,,,,,,
1894173,Lehrte I,Lehrte 1,609.0,1.0,31275.0,Lehrte,Aligse,Ulmenallee,4.0,,Einfamilienhaus,,0.0,0.0,1.0,,,N,,,1.0,0.0,1.0,1.0,1.0,,,,P_LRTE121_B,N_LRTE121_008,1.0,0.0,0.0,,,,,,,,,,
1894174,Lehrte I,Lehrte 1,609.0,1.0,31275.0,Lehrte,Aligse,Ulmenallee,1.0,,Einfamilienhaus,,0.0,0.0,1.0,,,N,,,1.0,0.0,1.0,1.0,1.0,,,,P_LRTE121_B,N_LRTE121_008,1.0,0.0,0.0,,,,,,,,,,
1894175,Lehrte I,Lehrte 1,609.0,1.0,31275.0,Lehrte,Aligse,Ulmenallee,12.0,,Zweifamilienhaus,,0.0,0.0,1.0,,,J,,,1.0,0.0,2.0,2.0,2.0,1.0,0.5,0.5,P_LRTE121_B,N_LRTE121_008,2.0,1.0,1.0,2025-04-29,,,,,,,Fromme,Frommer,hu.frommer@gmail.com
1894176,Lehrte I,Lehrte 1,609.0,1.0,31275.0,Lehrte,Aligse,Ulmenallee,7.0,,Mehrfamilienhaus 3-6,,0.0,0.0,2.0,Wohnungsgenossenschaft Lehrte von 1907 eG,5.0,J,Teilausbau (n. Bedarf),5.0,1.0,0.0,5.0,5.0,5.0,,,,P_LRTE121_B,N_LRTE121_008,5.0,1.0,1.0,2025-04-29,2024-09-23 12:45:00,,2024-09-23 12:45:00,2024-11-12 09:00:00,,2024-11-12 09:00:00,,Wohnungsgenossenschaft Lehrte von 1907 eG,info@wgl1907.de
1894177,Lehrte I,Lehrte 1,609.0,1.0,31275.0,Lehrte,Aligse,Ulmenallee,8.0,,Mehrfamilienhaus 3-6,,0.0,0.0,2.0,Wohnungsgenossenschaft Lehrte von 1907 eG,5.0,J,Teilausbau (n. Bedarf),5.0,1.0,0.0,5.0,5.0,5.0,,,,P_LRTE121_B,N_LRTE121_008,5.0,0.0,0.0,,,,,,,,,Wohnungsgenossenschaft Lehrte von 1907 eG,info@wgl1907.de
1894178,Lehrte I,Lehrte 1,609.0,1.0,31275.0,Lehrte,Aligse,Ulmenallee,9.0,e,Zweifamilienhaus,,0.0,0.0,1.0,,,N,,,1.0,0.0,2.0,2.0,2.0,,,,P_LRTE121_B,N_LRTE121_008,2.0,0.0,0.0,,,,,,,,,,
1894179,Lehrte I,Lehrte 1,609.0,1.0,31275.0,Lehrte,Aligse,Ulmenallee,2.0,,Einfamilienhaus,,0.0,0.0,1.0,,,N,,,1.0,0.0,1.0,1.0,1.0,,,,P_LRTE121_B,N_LRTE121_008,1.0,0.0,0.0,,,,,,,,,,
1894180,Lehrte I,Lehrte 1,609.0,1.0,31275.0,Lehrte,Aligse,Ulmenallee,9.0,d,Mehrfamilienhaus 3-6,,0.0,0.0,1.0,,,N,,,1.0,0.0,3.0,3.0,3.0,,,,P_LRTE121_B,N_LRTE121_008,3.0,0.0,0.0,,,,,,,,,,
1894181,Lehrte I,Lehrte 1,609.0,1.0,31275.0,Lehrte,Aligse,Ulmenallee,9.0,a,Einfamilienhaus,,0.0,0.0,1.0,,,N,,,1.0,0.0,1.0,1.0,1.0,,,,P_LRTE121_B,N_LRTE121_008,1.0,0.0,0.0,,,,,,,,,,
1894182,Lehrte I,Lehrte 1,609.0,1.0,31275.0,Lehrte,Aligse,Ulmenallee,9.0,,Zweifamilienhaus,,0.0,0.0,1.0,,,N,,,1.0,0.0,2.0,2.0,2.0,,,,P_LRTE121_B,N_LRTE121_008,2.0,0.0,0.0,,,,,,,,,,
1894183,Lehrte I,Lehrte 1,609.0,1.0,31275.0,Lehrte,Aligse,Ulmenallee,5.0,,Einfamilienhaus,,0.0,0.0,1.0,,,J,,,1.0,0.0,1.0,1.0,1.0,1.0,1.0,1.0,P_LRTE121_B,N_LRTE121_008,1.0,1.0,1.0,2025-04-29,,,,,,,Staben,Stabenow-Dopp,ilse-lotte.stabenow-dopp@web.de
1894184,Lehrte I,Lehrte 1,609.0,1.0,31275.0,Lehrte,Aligse,Ulmenallee,6.0,a,Einfamilienhaus,,0.0,0.0,1.0,,,N,,,1.0,0.0,1.0,1.0,1.0,1.0,1.0,1.0,P_LRTE121_B,N_LRTE121_008,0.0,1.0,0.0,,,,,,,,Fürste,,
1894185,Lehrte I,Lehrte 1,609.0,1.0,31275.0,Lehrte,Aligse,Ulmenallee,10.0,,Zweifamilienhaus,,0.0,0.0,1.0,,,N,,,1.0,0.0,2.0,2.0,2.0,1.0,0.5,0.5,P_LRTE121_B,N_LRTE121_008,2.0,1.0,1.0,,,,,,,,Savucu,,
1898452,Lehrte I,Lehrte 1,609.0,1.0,31275.0,Lehrte,Lehrte,Falkenstraße,1.0,,Einfamilienhaus,,0.0,0.0,1.0,,,J,,,1.0,0.0,1.0,1.0,1.0,1.0,1.0,1.0,P_LRTE121_B,N_LRTE121_002,1.0,1.0,1.0,2024-11-09,,,,,,,Mathew,Mathew,ajeeshmathew97@gmail.com
